index,id,title,bucket,rule
108,"iR7HB5LdonQ","White-throated Kingfisher perched and preening on tree branch",subject,"species/subject term: Kingfisher"
110,"6erMdNx1Pv4","Krishna Janmashtami kirtan with Jagannath altar and Tulsi mandap",festival,"festival term: Janmashtami"
112,"g_vUubsnaqY","Historic houseboats and the Amstel River lead to Amsterdam's famous skinny bridge",gap-2b,"non-India term: Amsterdam"
241,"kjyrUiyGudQ","Sir Vivian Richards Stadium surrounded by Antigua's tropical landscape",gap-2b,"non-India term: Antigua"
278,"iYhHqLugJwE","Passengers boarding a metro train at an underground station in Lausanne, Switzerland",gap-2b,"non-India term: Switzerland"
463,"zO8IYz0NmME","Collared Pygmy Owlet scans its surroundings from a Himalayan forest perch: World's smallest owl!",region,"region term: Himalayan"
476,"sqJ3qYPytc0","Bipasha Basu on Omkara and the art of bringing books to cinema",reject,"bollywood name: Basu"
584,"DbgHCV5mC_4","Newborn Quail chicks huddling together under a heat lamp",subject,"species/subject term: Quail"
647,"IwL18AjLHpc","Striated Heron hunting in a wetland habitat in Bharatpur India",gap-2a,"candidate place token: Bharatpur"
793,"Aa0s8jGE3X8","Pilgrims gather for holy dip at Gangasagar Mela shoreline",festival,"festival term: Gangasagar"
851,"tjilMs6C8qA","Rufous-bellied Woodpecker eats insects on a mossy tree trunk in the Himalaya",region,"region term: Himalaya"
922,"tIpV5x3rHgw","Raj N. Sippy ne bataya Anil Kapoor ka over the top style kyu kaam karta hai !",reject,"bollywood name: Kapoor"
938,"LZ_I1a1m2VU","A single Sunflower bloom on a terraced hillside with a sapphire butterfly",subject,"species/subject term: Butterfly"
960,"NPdSuu-0ZxQ","Cattle Egret perched on a tree against a clear blue sky",subject,"species/subject term: Egret"
970,"kkN5iMbaHkA","Sameer Anjaan talks about film No Entry",reject,"bollywood name: Anjaan"
1018,"6-PG-WatDGo","Suchitra Krishnamoorthi and Mita Vashisht run for Sathi NGO cause",reject,"bollywood name: Krishnamoorthi"
1095,"jG5ov4QGDrQ","Rosary pea seed pods opening to reveal red and black seeds",subject,"no proper-noun token present"
1199,"XwOaq5Mrur8","Pankaj Berry on Bhabhi role Jagdish Uppal ""Serial ki feel alag hai, characters real lagte hain""",reject,"bollywood name: Berry"
1241,"CG2OonNmrV8","Rajat Bedi on the film 'Monopoly the Game of Money': ""Mere liye yeh role bilkul naya experience tha""",reject,"bollywood name: Bedi"
1267,"ZkJ-pclZBV8","Ali Asgar ne bataya film aur TV ka farq aur impact",reject,"bollywood name: Asgar"
1334,"PSytpLQIgxY","Pied Myna or Sturnus contra: Asian Pied Starling preening on tree branch with fruits",gap-2a,"candidate place token: Asian"
1377,"x1nXVHp43eA","Nasturtium is an edible and commonly grown garden flower: even the leaves can be eaten in sandwiches",subject,"no proper-noun token present"
1389,"dK2oLHSgKLQ","Bollywood News by Shweta Kawatra | Models Turned Actors & Milind Soman Interview",reject,"bollywood name: Soman"
1394,"TDRr5z78xnI","Mango trees across India are explosively flowering with 'bor', in this warm spring-summer weather",ambiguous,"no rule fired"
1458,"bfH7inEmgZA","Grey Wagtail foraging on a small wetland while wagging tail",subject,"species/subject term: Wagtail"
1498,"gUkPwn3Zlk0","Adhyayan Suman on Haal-e-Dil ""Meri pehli film hai, ya sab bahut jaldi hogaya mera life mai""",reject,"bollywood name: Suman"
1503,"GD3i4bPCPZw","Black-winged Stilt Bird in Wetlands | Elegant Long-Legged Wader in India",gap-2a,"candidate place token: Wetlands"
1566,"-uUtDstYRQs","A Small Tortoiseshell butterfly delicately perches on a cluster of pink Bergenia ciliata flowers",gap-2a,"candidate place token: Bergenia"
1572,"05dz1yTlAIg","Krackjack, Monaco and Parle G biscuits for sale in Dubai: Indian FMCG food products go international",gap-2b,"non-India term: Dubai"
1660,"3CEkr0fzXfw","Rajpal Yadav: ""I respect one scene as much as I would if I did ten scenes or played a main role""",reject,"bollywood name: Yadav"
1720,"XRs4zBz06nY","Karishma Makhni reflects on life, family and London experiences",reject,"bollywood name: Karishma"
1743,"PRREo-eyCzQ","Himalayan Stripe-throated Yuhina resting on berry branch",reject,"bollywood name: Berry"
1807,"O91MWBgGdZA","Blue-throated Barbet in the Himalayan forest emerging from nest, gathering tree wood dust with care",region,"region term: Himalayan"
1821,"KZHyg7z8hRM","Close-up of Small Copper butterfly on flower",gap-2a,"candidate place token: Copper"
1894,"h7QuLCeQ0Ao","Brooding and egg-laying behaviour of Lohmann Brown chickens",ambiguous,"no rule fired"
2027,"0j0uGcHRq_s","Republic Day 2024 flag hoisting and guard march",festival,"festival term: Republic Day"
2028,"K4B8zMucytg","Time-lapse of blister beetle feeding in Himalayan foothills",region,"region term: Himalayan"
2121,"jV_XR8_ECi8","White-bellied Bushchat with prey | A moment of wild feeding",subject,"species/subject term: Bushchat"
2185,"I_ouNGDeruQ","Watch a black kite resting gracefully on a bare tree branch, surrounded by tall, green grass",subject,"species/subject term: Kite"
2269,"v9TBw90s7cM","Workers building a bridge in Kashmir, showing their daily struggles and dedication: old footage",region,"region term: Kashmir"
2284,"ViumB_CVUu8","Whistling Woods launches cape town campus with Bollywood stars",reject,"bollywood name: Woods"
2413,"gE7KyIpYTCY","A Common Tailorbird a small and Songbird widely found across South and Southeast Asia.",gap-2a,"candidate place token: Tailorbird"
2479,"9qgyWXU4X3g","Satish Kaushik shares insights on Milenge Milenge",reject,"bollywood name: Kaushik"
2501,"J6LY8jM90JE","Village life in green fields wooden huts and layered mountain views",subject,"no proper-noun token present"
2558,"-MZWc5pXBGU","A Young girl speaks while getting a Facial Massage in Kashmir",region,"region term: Kashmir"
2573,"VUhsKIEX0xg","A Man in Kashmiri Attire shares food with locals",region,"region term: Kashmiri"
2739,"wE_KNOS2cn0","Great Barbet in Heavy Rain on dense Tree",gap-2a,"candidate place token: Rain"
2768,"JEZl_y6zLoU","Close-up shot of a White-Throated Kingfisher perched, showcasing its vibrant colours and details.",subject,"species/subject term: Kingfisher"
2805,"nMoWcpQcAVU","Indian Birds & Reptile Moments – Stunning nature close-ups",gap-2a,"candidate place token: Reptile"
2854,"l8tcLcIAyUw","भारतीय महिलाओं ने जीता स्वर्ण! भारत में महिलाओं की 4x400 मीटर रिले दौड़: राष्ट्रमंडल खेल",subject,"no proper-noun token present"
2890,"9L4vOOxpF1k","A Cluster of Tree Dahlia plants dancing in natural breeze in motidhar",gap-2a,"candidate place token: Tree"
2919,"MU_nyJMfIFU","Nilgai Drinking at a Water Hole in the Wilderness of Jhalana",gap-2a,"candidate place token: Hole"
2951,"waIOm_CKVcM","Sea hawk resting on beachside beam looking across the sea",subject,"no proper-noun token present"
3191,"oZiJN-AQHHU","Birds and wildlife at Royal Botanic Gardens | England travel video",gap-2b,"non-India term: England"
3246,"Zlm-Sjn5PW8","Archival Footage of Kashmir streets with shops closed during Elections",region,"region term: Kashmir"
3411,"l1ojAVxEMHM","आयुर्वेद में विभिन्न मानवीय रोगों के उपचार में गाय के दूध दही घी और मूत्र के महत्व का उल्लेख हैं।",subject,"no proper-noun token present"
3528,"KxvzE5P-0TE","Avtar Gill: I have seen Randhir Kapoor's film Aaj Or Kall and I like that film ver much",reject,"bollywood name: Kapoor"
3544,"C3Eq5pXTY1E","Geeta Basra: I would like to wear a heavy bridal outfit on my wedding, fun to watch bridal outfit",reject,"bollywood name: Basra"
3550,"N4gFOLKnk2I","भारतीय सेना के शक्तिमान और अशोक लेलैंड ट्रकों का काफिला सिक्किम में भारत-चीन सीमा की ओर बढ़ा",subject,"no proper-noun token present"
3654,"sx9d8OJgx_g","1980 के दशक के बॉम्बे में कपूर परिवार के साथ बॉलीवुड सेलिब्रिटी पार्टी में जीनत अमान, डिंपल कपाड़िया",subject,"no proper-noun token present"
3803,"ccuGVFFQwok","Neeta Lulla: Aishwarya is not only a dear friend she is a pillar of support through lot of my films",reject,"bollywood name: Aishwarya"
3844,"-BmTpAIQiM4","Sniffer dog searches for abandoned Russian land mines with handler in Afghanistan, mine is detonated",gap-2b,"non-India term: Afghanistan"
3944,"XMc5UTJLAvs","बॉलीवुड अभिनेत्री शर्मिला टैगोर ने अपने शुरुआती दिनों के बारे में बताया",subject,"no proper-noun token present"
3949,"2Kxp3OYGC0k","Dharmendra: If I had considered acting as a profession, perhaps I would have been more successful.",reject,"bollywood name: Dharmendra"
3989,"zlLJCcdV1bg","Green-backed Tit and Oriental White Eye birds come to our garden tap for a summer-time drink",gap-2a,"candidate place token: Eye"
4017,"YIOy5aYG0i0","Anuradha Paudwal: Gulshan ji was a great devotee of Vaishno ma and Shiv Ji",reject,"bollywood name: Gulshan"
4040,"6h6JnAKIMgk","Mukul Dev: I am looking for Nikhil & Shantnu's collection, at chivas fashion show",reject,"bollywood name: Nikhil"
4071,"xHEWP-gCNEQ","माधुरी दीक्षित मराठी भाषा में बोलती और गाती हैं, हल्के नीले रंग की  वाली साड़ी पहनती हैं",subject,"no proper-noun token present"
4247,"JM9l7tF2fKA","Amaan and Ayaan Ali: Fashion is all about being passionate music is all about being passionate",reject,"bollywood name: Ayaan"
4257,"WMCFeVCmhTo","भारतीय पार्श्व गायक अभिजीत भट्टाचार्य ने अपने करियर के बारे में बात की",subject,"no proper-noun token present"
4289,"UUt6tHwvREA","Greylag Geese witness the Yamuna clean-up and wonder why it was not done decades sooner!",region,"region term: Yamuna"
4319,"kNUASJLj6oU","Film set ""Unns: Love Forever"" on set location | Sanjay Kapoor and Juhi Babbar | Behind the Scene",reject,"bollywood name: Kapoor"
4335,"cMFt-ulvcEM","Making of 'Haath Se Haath Mila' show - Bollywood actors drive for AIDS awareness",reject,"format keyword: bollywood"
4414,"-jTlCyZ5gk0","Aditya Pancholi and Akshay Kumar at a wrestler event as guest",reject,"bollywood name: Pancholi"
4435,"PyZt2mMl4Ng","Aishwarya Rai: ""I'm not a soloist. I'm all about family, coming together""",reject,"bollywood name: Rai"
4510,"1XGADZEftdA","गंगा जमुना सरस्वती हिंदी फिल्म: अमिताभ बच्चन और जया प्रदा की शादी का सीन शूट हो रहा है",subject,"no proper-noun token present"
4633,"0bVHk4bn3UQ","United States Capitol building along National Mall in Washington DC in brilliant fall-winter colours",gap-2b,"non-India term: Washington"
4782,"imSc3AFWlWE","Models bejewelled in Orra Diamond Jewellery poses for camera",reject,"bollywood name: Models"
4794,"-nJ1ODxvKI8","Emraan Hashmi showing off his Sunglass Collection | Early 2000s Fashion",reject,"bollywood name: Hashmi"
4903,"H_Si0ihoh_w","Tesla Cybertruck at Gold Souk in Dubai: Quite the non-destructable vehicle that it purports to be",gap-2b,"non-India term: Dubai"
4953,"G3jpJxS_TdI","Speed Boats enter Abu Dhabi Marina in the UAE, bright spanking new sky-scrapers reflect Gulf waters",gap-2b,"non-India term: Abu Dhabi"
4998,"j1M1Iaq2_A8","'I am a shy girl, and my weakest point is not knowing how to say No'- Amrita Rao",reject,"bollywood name: Amrita"
5061,"XPq8az35eWY","Eurasian Hoopoe seen here in the Himalaya has a wide range across Europe and rest of the world",gap-2b,"non-India term: Europe"
5114,"2dKv7OqJbJQ","Boman Irani:-  if I tell you then this film will not be suspense ""My Wife Murder"".",reject,"bollywood name: Irani"
5132,"cFCt9J8XhxM","Rakhi Sawant, Alka Yagnik, Alisha Chinoy, Shreya Ghoshal, Mona Singh | At Saawariya Premiere",reject,"bollywood name: Sawant"
5173,"Qy1DLgvCASs","Tusshar Kapoor, Emraan Hashmi with Ashwini Chaudhary photoshoot on location film Good Boy Bad Boy",reject,"bollywood name: Kapoor"
5219,"NN8sGjntRgg","Shilpa Shetty and Shamita Shetty working together in the film Fareb with Manoj Bajpayee,",reject,"bollywood name: Shetty"
5255,"Se0tWzmXnRA","Shahrukh Khan narrates how the film 'Main Hoon Na' happen",reject,"bollywood name: Khan"
5344,"mv3oIbXhRYE","Early 2000s popular Indian pop band 'Aasma' with Bappi Lahiri",reject,"bollywood name: Lahiri"
5361,"ImS1ReBXOO4","Hansal Mehta: we needed some fresh cast for this film ""Anjaan""",reject,"bollywood name: Mehta"
5384,"x3PYngod9Do","Tejaswini Kolhapure in a pink dress: The censors found our film very violent. Bad words were used!",reject,"bollywood name: Kolhapure"
5433,"xzyxAQxbMCY","Deadly (and cute) little killler neolas are the most notorious family living at WIlderness Orchard!",ambiguous,"no rule fired"
5438,"4_2rQGUuwsw","India's Richest: Mukesh Ambani with wife Nita Ambani attend Eklavya: The Royal Guard Premiere",reject,"bollywood name: Mukesh"
5511,"vZATt3xC6tw","Verditer flycatcher taking a dip in a stream at wildfilmsindia Motidhar sanctuary",subject,"species/subject term: Flycatcher"
5732,"pnlhIQobUMc","Exploring the Maasai Mara: The splendor of waterbucks",gap-2b,"non-India term: Maasai"
5771,"lVPfYUgyuho","सलमान खान, प्रियंका चोपड़ा, अक्षय कुमार डेविड डी के साथ मुझसे शादी करोगी का केक काटा",subject,"no proper-noun token present"
5974,"fYj4Gl_sYUY","Indian Everest Expedition 1968: HMI motto reads - Make (you) Climb from Peak to Peak",gap-2a,"candidate place token: Everest"
5981,"Pzq0tvbZnXg","Boat ride on Yamuna River near Sri Radha Raman Mandir Vrindavan during Holi",region,"region term: Yamuna"
5994,"elbxiLCF_J4","Govinda; it was my bad time to find any movie but luckily I got film Partner with Salman Khan",reject,"bollywood name: Khan"
5997,"Z1JUGqlwcyQ","Sunshine bird: African wattled lapwing's radiant beauty",gap-2b,"non-India term: African"
6007,"rtR8h9uvApI","Hippo rests heavy head on friend in African oasis",gap-2b,"non-India term: African"
6043,"p1HOGgQuBnE","Brahminy Myna is so-named for its little choti at the back of its head - Black-headed Myna",gap-2a,"candidate place token: Blackheaded"
6055,"vaoWqvrwpCU","Shah Rukh Khan on IPL: I used myself, paal-pos ke apne aap ko bada ho ke itna bada actor banaya hain",reject,"bollywood name: Khan"
6076,"t1gs19JEjzQ","Giant African Giraffe towers over Acacia tree at Masai Mara National Reserve in Tanzania, Africa",gap-2b,"non-India term: Tanzania"
6097,"R1aYoFj8ZcM","Lappet-faced vultures soaking up the African sun",gap-2b,"non-India term: African"
6114,"2W3fTK9W_rA","Regal Serenity: Lion's majesty in Maasai Mara's golden Savanna",gap-2b,"non-India term: Maasai"
6130,"ebtQwiaPI7c","Grazing gracefully: Impalas of the Maasai Mara - A serene safari experience",gap-2b,"non-India term: Maasai"
6193,"kgs4Sp_BoGQ","Tabu, Dia Mirza, Soha Ali Khan and Bappi Lahiri- Campaign for Cause Of Right To Child Education",reject,"bollywood name: Khan"
6463,"Gr0OYBeq6aU","Amitabh Bachchan: When we were small, we played pranks on others, I'm 66, that was a long time ago!",reject,"bollywood name: Bachchan"
6530,"7KdL0tEDue4","Silver filigree and jewellery shops on bazaar street in Karimnagar, customers pay for silver in cash",gap-2a,"candidate place token: Karimnagar"
6721,"zGtJVi8pVpc","Kailash Kher arrives at launch of Album Umeed by Aditya Thackeray: Bollywood celebrates politicians?",reject,"bollywood name: Kher"
6727,"HMn3P6reLGk","Bal Thackeray: ""Mushkil hai Amitabh ji se milna!""",reject,"bollywood name: Thackeray"
6887,"Tk-ZQldXyjg","Hrishitaa Bhatt in white top at Ahista Ahista premiere: I'm going to watch film as part of audience!",reject,"bollywood name: Bhatt"
7016,"UYRsACt-Fv0","Interview with Aishwarya Rai on modelling and winning Miss World #bollywood #aishwaryaraibachchan",reject,"bollywood name: Rai"
7026,"MJwAecH4dPY","Large Cabbage White butterfly in the Himalaya",region,"region term: Himalaya"
7060,"fGYbXO9d68Y","Raj Sippy: ""Anil Kapoor is a lovely lovely human being!""",reject,"bollywood name: Kapoor"
7173,"sm6xI1H_N8c","'Dola He Dola', famous Assamese song sung by Bhupen Hazarika, Husain: When Bhupen sings, he paints!",reject,"bollywood name: Husain"
7312,"U042SJ2hZTM","Daisy Shah ramp walks as a struggling model before she became an actress",reject,"bollywood name: Shah"
7345,"GozNcqhGL3k","Suniel Shetty a sharp businessman, invests in fashion industry: I can stand on my two little feet!",reject,"bollywood name: Shetty"
7359,"ZzpBYmrJGhI","Snow Leopard mum with her cubs walk gingerly and super carefully on a snowy rocky cliff-edge",subject,"species/subject term: Leopard"
7378,"R5iZv-2n3MU","Snow Leopard mother leads the way on a hunt, while her two little cubs follow, learning the ropes",subject,"species/subject term: Leopard"
7611,"mzPg9DnXs14","Snow Leopard hunts Bharal, both fall over cliff hundreds of feet onto rock below! Greatest hunt ever",subject,"species/subject term: Bharal"
7688,"JxKWRG4lvi8","Army personnel salute the Indian nation at Republic Day Rehearsal 2023",festival,"festival term: Republic Day"
7790,"kgpnbFOwWhk","Shweta: Mallika Sherawat said she kissed 17 times in Khwaish, Payal Rohatgi breaks record 32 kisses",reject,"bollywood name: Shweta"
7810,"fgcJd5GRAE4","Rajeshwari Sachdev: I personally love emerald, waiting for someone to tell me to wear it as good",reject,"bollywood name: Sachdev"
7823,"hpfTruTAfcw","Katrina Kaif and Salman Khan hang out, Amitabh Bachchan speak about Vikram Phadnis Collection",reject,"bollywood name: Khan"
7890,"XTA5AqlZynM","Salman Khan,  Rani Mukherjee, Amitabh Bachchan, John Abraham at Baabul film promotion fashion show",reject,"bollywood name: Khan"
7907,"yS0FNwTA74c","Abhishek Bachchan: We're actors, here to entertain audiences. You have to do films that inspire you!",reject,"bollywood name: Bachchan"
7990,"FHT_QXAkEWw","Jaspinder Narula shares some valuable singing tips",reject,"bollywood name: Narula"
7994,"chUwiGOKhNQ","Woman smoking hookah: Rajasthani woman from Banjara community smokes  Hubble-bubble hookah",gap-2a,"candidate place token: Banjara"
8041,"EG8l-ECSM8g","Crimson-breasted Barbet has dug this One Rupee sized hole in a Persian Lilac tree trunk to nest in",gap-2a,"candidate place token: Rupee"
8060,"Kr3drk1x70Q","Karan Johar: Rang De Basanti is the most trend-setting film as the music is real, no lip sync",reject,"bollywood name: Johar"
8141,"qmsF1XyNREU","Common Hawk Cuckoo or Brainfever Bird looks more like a raptor. Hence it's name Hawk Cuckoo!",gap-2a,"candidate place token: Brainfever"
8155,"LVQ65rJtIpY","Women and families eat daal and roti near Safdarjung Hospital : Chapati - lentils for the masses",gap-2a,"candidate place token: Safdarjung"
8163,"3n7SG6r1Iwo","""Kareena Kapoor has no work"", says Shweta Kawaatra: One from the archives",reject,"bollywood name: Kapoor"
8307,"0sdSAAfuw7Q","Manisha Koirala on Anwar: Media exploits things for own benefit, I'm doing nothing much right now",reject,"bollywood name: Koirala"
8313,"odB5tVxmaS4","Aishwarya Rai: ""For me biggest challenge was delivering performance that would satisfy my director""",reject,"bollywood name: Rai"
8315,"3FWAhIZxM7U","Jaya Bachchan shouts at reporter: ""Panic mat create karo! Hindustan sara madhya varg hai!""",reject,"bollywood name: Bachchan"
8389,"TqxWUHqaqu0","Riya Sen: ""What nonsense, I am not wishing Shah Rukh Khan on his birthday! Here for cancer cause...",reject,"bollywood name: Khan"
8513,"nSG7Ahg6FCo","Celina Jaitly: The chor police was funny, don Carlos is from mafia. Chunky from Gurkha khukri gang",reject,"bollywood name: Celina"
8528,"aTGpD0CPW1k","Aishwarya Rai in Taal: Naresh Malhotra: Jab taal-mel theek hota hain, tab Taal jaisi film banti hain",reject,"bollywood name: Rai"
8558,"p2j3nnSOCrU","Shilpa Shetty hosts Big Boss 2, wears purple dress with shimmery silver edging,  dangly ear-rings",reject,"bollywood name: Shetty"
8572,"P56sxSzEOhU","When Salman Khan asked Hussain to paint on a bedsheet",reject,"bollywood name: Khan"
8637,"klEDHtw90kg","Shaan on reality show 'Sare gama pa': My Hindi was bad, has improved with show, as has confidence!",reject,"format keyword: reality show"
8658,"FIvjKKZdxsk","Shiney Ahuja: Come to set on time, work with your heart, I really like Soha a lot, chemistry is good",reject,"bollywood name: Ahuja"
8742,"Qz_KH5jjcIQ","Sunil Shetty on Firoz A Nadiadwala: Fantastic producer, films are lavish, makes films with passion!",reject,"bollywood name: Shetty"
8883,"BnoYitUx08o","Vinod Khanna and Randip Hooda at the premiere party for 'Risk'",reject,"bollywood name: Khanna"
8982,"k7SZaosA7Us","Preity Zinta - all dimpled - congratulates Aamir Khan for his film Lagaan's Oscar nomination",reject,"bollywood name: Khan"
8999,"wYfqMogi5BQ","Sleepy Owl of Sarojini Nagar - dropping off to sleep in the daytime!",gap-2a,"candidate place token: Sarojini"
9032,"3qacOOtC48w","Dilip Tahil on Saif Ali Khan - Amrita Singh marriage : She was more experienced in industry than him",reject,"bollywood name: Khan"
9128,"-doPrTLApxw","Salman Khan and Chunky Pandey arrive at Saawariya premiere, media wallahs screm 'Salman Salman'!",reject,"bollywood name: Khan"
9167,"3HhpCsO-aGQ","Simi Garewal on Raj Kapoor: ""For 14 days, we went to same location until we got the perfect sunset""",reject,"bollywood name: Kapoor"
9181,"XKcg8PfwoIc","Ravindra Jain on Raj Kapoor and Ram Tera Ganga Maily",reject,"bollywood name: Kapoor"
9193,"qxIB0OxMnJs","Raima Sen : ""We are small town girls, we had to wear these costumes. It was very cold in January""",reject,"bollywood name: Sen"
9273,"qT0JIFols6Y","Lara Dutta in orange salwar kameez suit, on Human trafficing, apologizes for traffic from Film City",reject,"bollywood name: Dutta"
9347,"oq-a9rLrrqY","Juhi Chawla at premiere of film Ram Jaane",reject,"bollywood name: Chawla"
9379,"-16ysPazo4Y","Common Buzzard watches the landscape from a grassy hillside",subject,"species/subject term: Buzzard"
9449,"CQ7ctJo-p78","Preeti : ""If I have to speak about Glen I have to talk about Ankush too' | Film Jaane Hoga Kya",reject,"bollywood name: Preeti"
9519,"QuJHyracoYE","Ranbir Kapoor asks the reporter, 'What do you want to know about what happens with me and Deepika?'",reject,"bollywood name: Kapoor"
9546,"QCdthCaNBzg","Zarina Wahab on Ravi Kishan friendship and cinema "" Ravi Kishan hamara bahut acha dost raha hai""",reject,"bollywood name: Wahab"
9549,"wut0JqYpmu8","Shiney Ahuja on Zindaggi Rocks ""ya ek love story hai Doctor aur rockstar ke""",reject,"bollywood name: Ahuja"
9576,"xb0YRXtrv3Q","Boman Irani on Don 2: ""Purani Don ki yaadein aur nayi Don ka style, dono ka perfect combination hai""",reject,"bollywood name: Irani"
9635,"sxTuYcRCwFk","Irfan Malik & Ali Hasan at a party for The Great Indian Laughter Challenge Dwitya: ""Remove ghoras!""",reject,"bollywood name: Malik"
9711,"TNdyhqZD9wc","Preeti Jhangiani : Akshay Kumar gets up at 5 o'clock whether shooting or not, doesn't drink or smoke",reject,"bollywood name: Jhangiani"
9829,"UsqadfKMLgw","Sanjay Dutt and Asha Bhosle jam together: Who sings better?",reject,"bollywood name: Dutt"
9834,"DGvHA0twQYQ","Kavita Krishnamurthy credits Laxmikant–Pyarelal for introducing her to Subhash-ji, playback career",reject,"bollywood name: Subhash"
9848,"-Eoy1WA3Njg","Shreya Ghoshal not even 16 when she did Devdas : ""Sanjay Bhansali heard me singing from two inches",reject,"bollywood name: Bhansali"
9859,"gGLuV98gbVs","Ustad Bismillah Khan - Rare video of the musical doyen discussing his music with Himesh Reshammiya",reject,"bollywood name: Khan"
9884,"LSxnRN_fKPQ","Beautiful and calming time-lapse of clouds moving across Himalayan col, to distant valley yonder",region,"region term: Himalayan"
9937,"nEFohrV5J3s","CRPF tableau rolls in with Sardar Vallabhai Patel statue for Republic Day 2021",reject,"bollywood name: Sardar"
9963,"n7KBmGvyfuA","Escaping the jaws of death: Moth caught by an Agama manages to escape",subject,"species/subject term: Moth"
9995,"30hhXKAybXg","Migrant workers lunge for packaged drinking water before boarding train to go home",subject,"no proper-noun token present"
10096,"UyvkcrYVZYM","Farmers harvest wheat near national highway in Bangladesh",gap-2b,"non-India term: Bangladesh"
10132,"C-xYA-DULFs","Congregational prayer in Chittagong, Bangladesh - coordinated devotion",gap-2b,"non-India term: Bangladesh"
10218,"Tu6bvc_Sl6Q","How Bangladeshi paratha is made - different texture and taste from India",gap-2b,"non-India term: Bangladeshi"
10272,"bbXl5gXsHDU","Private video",reject,"format: private video"
10546,"2haZPfrYNOQ","Carnatic music works its magic - Mahashivratri in India",festival,"festival term: Mahashivratri"
10638,"herQFcGLyME","It's very important that our mind serves the life that we lead: Sadhguru Wisdom",reject,"bollywood name: Sadhguru"
10701,"_4HYe7hlc8k","Adiyogi and his vision for humanity, Yoga: Sadhguru Jaggi Vasudev",reject,"bollywood name: Sadhguru"
10796,"DAACcqU9cfs","A photo collection of the father of the nation: Mahatma Gandhi",ambiguous,"public figure ""Gandhi"" without format keyword"
10817,"B3a3p5qm75I","Human biology explained at Natural History Museum, London",gap-2b,"non-India term: London"
10843,"ZOMP160AaYw","Filmmaker Rituparno Ghosh released the English translation of Bengali novel 'Dahan'",reject,"bollywood name: Ghosh"
10982,"WwSob0LNNJM","Masked dancers perform at Druk Wangyel Festival 2014 : Bhutan",gap-2b,"non-India term: Bhutan"
10997,"cZmurDChvNU","Tala - the hydropower district in Bhutan",gap-2b,"non-India term: Bhutan"
11116,"3iKN_R674iA","Making of dim sum with bitter buckwheat at Bhutan week",gap-2b,"non-India term: Bhutan"
11318,"fNyzDwzEUs8","Afghani women push trolley full of grain sacks",gap-2b,"non-India term: Afghani"
11400,"wpbc1ZeQkHU","Afghanistan under Taliban Rule - Archival Footage. How will the current Taliban reign compare?",gap-2b,"non-India term: Afghanistan"
11497,"exvKs4C8EGM","Mongolia : fly over town at the edge of the Gobi desert",gap-2b,"non-India term: Mongolia"
11547,"i-VxMbyxIF0","Rishi Vishwamitra meets King Dasharatha : Ramlila  Day 3 (2017)",reject,"bollywood name: Rishi"
11608,"x1wcj8reIYg","The Times of India Newspaper being printed in India a few decades ago",gap-2a,"candidate place token: Newspaper"
11660,"jftQCPXA1JY","Computerized automobile designing in India",ambiguous,"no rule fired"
12079,"wd55qCVugJ0","Akbar Khan, ""I have been a keen student of history""",reject,"bollywood name: Khan"
12091,"Bvb0HGb6pUw","Hrithik Roshan parody visits Lallan in Chala Lallan Hero Banne",reject,"bollywood name: Roshan"
12240,"yoY2owdY3Y4","Online astrology in India",ambiguous,"no rule fired"
12321,"QvmeXMDDLzk","Video gaming consoles - Sony Playstation, Microsoft XBox, Dreamcast review",gap-2a,"candidate place token: Playstation"
12436,"-s0LZ8nqEpo","Roadside cooking by homeless people in India",ambiguous,"no rule fired"
12465,"0SEaCb2ijZQ","Princess Diana tribute by Sonia Gandhi, a day after her death",ambiguous,"public figure ""Gandhi"" without format keyword"
12593,"R-sMdEX9L5w","India and China try to mend their troubled relations: Archive Footage",gap-2b,"non-India term: China"
12614,"DQEJeMQUGZw","KR Narayanan visits Mother Teresa in her final days at BM Birla Heart Research Centre",ambiguous,"public figure ""Narayanan"" without format keyword"
12628,"LfvbfNCGOhs","American composer Philip Glass: ""I began playing flute when I was six""",gap-2b,"non-India term: American"
12636,"W7notE_RHm0","Amjad Ali Khan welcomes Dalai Lama at World Festival of Sacred Music",reject,"bollywood name: Khan"
12698,"YwX0koRllho","Healthy diet plans for Indians",ambiguous,"no rule fired"
12710,"sb2HgeMDDkk","NGO, Helpage India and Rahat organised 'Active Ageing For Healthy Living'",gap-2a,"candidate place token: Rahat"
12791,"y56iltGNpl8","Revathi, Indian film actress speaks about her directorial debut film Mitr, My Friend",gap-2a,"candidate place token: Mitr"
12855,"Cac2l7RMVdQ","Sridevi : MC says Mister India should have been called Miss India because of Sridevi",reject,"bollywood name: Sridevi"
12902,"DiC7QVc7VfQ","Shammi Kapoor on his film 'Manoranjan'",reject,"bollywood name: Kapoor"
12932,"llWFzRJWZjM","Hot male Sabeer Bhatia : Hotmail was a web-based email system",gap-2a,"candidate place token: Bhatia"
12955,"K5nK81H-JZc","APJ Abdul Kalam speaks at opening ceremony of Asia's Largest Auto Expo 2004",ambiguous,"public figure ""Abdul Kalam"" without format keyword"
12977,"AzTD3ixHwlo","SRK speaks: a younger Shah Rukh Khan on his early years",reject,"bollywood name: Khan"
13048,"JHvfs7O4TGg","Jaya Bachchan calls Karishma Kapoor her daughter in law!",reject,"bollywood name: Kapoor"
13076,"QlpKU3NOJ6Y","Actor and comedian Mehmood shares his experience of working with Aruna Irani",reject,"bollywood name: Irani"
13116,"R2i4_BW_UbQ","Sunil Dutt's Funeral in 2005",reject,"bollywood name: Dutt"
13159,"LUhh9S_zbxE","Surama Ghatak speaks about husband Ritwik Ghatak, famous Bengali filmmaker",reject,"bollywood name: Ghatak"
13163,"vxDCcNcjSKI","United Colors of Benetton AIDS awareness campaign in 1990's",gap-2b,"non-India term: United"
13169,"wiXTbnzJApU","Shahnaz Husain Ayurvedics : Research and Development Centre",reject,"bollywood name: Husain"
13182,"uNBq-9oXd6g","Weaving a silk saree on a power loom",subject,"species/subject term: Silk"
13336,"8q3CZz8NGu8","Poverty and lack of social security are the main causes of child labour in India",ambiguous,"no rule fired"
13431,"ueHZfQu_05c","Sri Lankan style chicken and noodles with green salad",gap-2b,"non-India term: Lankan"
13521,"6v5lkKEXyeU","An amazing view of Yamuna Ghat on the occasion of Chhath Festival",region,"region term: Yamuna"
13641,"hS9lSOJomNc","Expedition porters camp at Dibrughetta within Nanda Devi Sanctuary",gap-2a,"candidate place token: Dibrughetta"
13703,"-Zl7KWFeAO4","Dussehra effigies turned to ashes!",festival,"festival term: Dussehra"
13723,"mtd2Uw19TWI","Ravana effigy as evil is consigned to flames - Dussehra in India",festival,"festival term: Dussehra"
13774,"mAASI3XuniA","Ramlila Unplugged : Lakshamana Vs Inderjeet Fight - Part  8 Day 7",reject,"format keyword: unplugged"
13790,"CDrsMefPFkg","Indians rehearse for the big Ramlila drama",festival,"festival term: Ramlila"
13798,"k2r6lnxTpkg","Kaikeyi demands Bharath's Raj tilak : Part 5 Day 3",gap-2a,"candidate place token: Raj"
13819,"cnzhhj63774","West Indies players practice soccer and cricket at a stadium: aerial footage",gap-2b,"non-India term: Indies"
13909,"ommF9xOUGTc","Private video",reject,"format: private video"
14023,"uR6FJS_2rmU","How an Afghani bread roti is kneaded and prepared for the clay oven",gap-2b,"non-India term: Afghani"
14049,"V6i1lFzvf8k","Goose drinks water in pond filled with Water Lettuce as seen up close",gap-2a,"candidate place token: Lettuce"
14089,"s6maK-D2gNQ","Smelting gold for making traditional Indian jewellery",ambiguous,"no rule fired"
14092,"1XBcqklqOz4","Women prepare for Rakshabandhan Festival in India",festival,"festival term: Rakshabandhan"
14094,"ZDoSzIJt1TM","Bhai Dooj : Brother-Sister Ritual",festival,"festival term: Bhai Dooj"
14177,"jO5PCzRL79I","Tibet Gama Expedition",gap-2b,"non-India term: Tibet"
14195,"M_pZH0Z9ifI","Jokhang Temple, the spiritual center of Tibet",gap-2b,"non-India term: Tibet"
14238,"CqWQi_BzfuA","Shurim Tso Lake From Below Langma La",gap-2a,"candidate place token: Tso"
14270,"GI15hnNHy04","His Holiness the Dalai Lama during press meeting at Zenkoji Temple - June 19th, 2010",ambiguous,"public figure ""Dalai Lama"" without format keyword"
14281,"r2G-IgqgT2U","His Holiness the Dalai Lama on 'The Need for Universal Ethics in Education' at Chitkara University",ambiguous,"public figure ""Dalai Lama"" without format keyword"
14314,"9KG6u26cssQ","His Holiness the Dalai Lama addresses St John's College, University of Cambridge",ambiguous,"public figure ""Dalai Lama"" without format keyword"
14395,"-KzeSE5o688","Responsibility of Higher Education in Today's Global Society - His Holiness the Dalai Lama",ambiguous,"public figure ""Dalai Lama"" without format keyword"
14440,"zAjmT4ODG90","Commentary on the Fundamental Wisdom of the Middle Way | Day 2: The Dalai Lama",ambiguous,"public figure ""Dalai Lama"" without format keyword"
14454,"tnCltHfTG5M","Precious Garland of the Middle Way | Day 3: The Dalai Lama teachings",ambiguous,"public figure ""Dalai Lama"" without format keyword"
14480,"vFjisxCymiE","Cultivating the Awakening Mind: His Holiness the Dalai Lama",ambiguous,"public figure ""Dalai Lama"" without format keyword"
14490,"uXb-3XoOPts","His Holiness the Dalai Lama with school children, advises them on Tackling Anger",ambiguous,"public figure ""Dalai Lama"" without format keyword"
14610,"wtLNorU2o4A","The Furthest Everlasting Continuum & 3 Principal Aspects of the Path: The Dalai Lama | Day 3",ambiguous,"public figure ""Dalai Lama"" without format keyword"
14626,"-7N9mSQqfeM","Lobsang Wangyal la's meeting with Miss Tibet contestants",gap-2b,"non-India term: Tibet"
14650,"JQ0n8-jI0is","How Sushi is rolled and made",ambiguous,"no rule fired"
14701,"J10ILyqTGZI","Edge of Awareness, an art exhibition on social awareness on 50th anniversary of WHO",ambiguous,"no rule fired"
14745,"K0t2HBSrsME","Zakir Hussain and Ustad Ashish Khan weave magic with their music",reject,"bollywood name: Khan"
14764,"ym70daEgRUE","Rahul Arya's art exhibit and Satish Gupta's book 'The Eye Of The Thar'",region,"region term: Thar"
14777,"pA-yZAKhoE0","Sand art of Virat Kohli and ICC Cricket World Cup with wishes to Indian Cricket Team",reject,"bollywood name: Kohli"
14820,"lC3QHrGAFuc","Vendor paints Ganesha idols with festive colours",festival,"festival term: Ganesha"
14849,"YSwsRb47UTY","Cute Lion Cub gets rescued in India, from open well",gap-2a,"candidate place token: Cub"
14863,"cmx8gCkp3i0","Close call and rescue: dog gets its head stuck in a bucket",subject,"species/subject term: Dog"
14884,"KvTKJO7AfpM","Pride of India: Military bands of the Army, Navy and Air Force",gap-2a,"candidate place token: Military"
14993,"zo3HStATK1Q","Woman from Adi tribe weaves traditional Arunachali fabric",gap-2a,"candidate place token: Arunachali"
15099,"LABDwYY6_5A","Lakhubhai Pathak case: Chief Metropolitan Magistrate summons former PM P. V. Narasimha Rao",reject,"bollywood name: Pathak"
15150,"u7Z_qSTO06k","British Prime Minister John Major plants a sapling of the Indo-British relationship in 1993",ambiguous,"public figure ""Prime Minister"" without format keyword"
15152,"0U-z9okGyQw","Atal Bihari Vajpayee on women's participation in politics",ambiguous,"public figure ""Vajpayee"" without format keyword"
15159,"R21s_euYKpU","Kirti Azad on Hindi films: I watched 'Virasat' recently, it was very much close to reality",ambiguous,"public figure ""Azad"" without format keyword"
15166,"43yUNHLBgpo","Venkaiah Naidu on Atal Bihari Vajpayee: After Jawaharlal Nehru people see a great leader in him",ambiguous,"public figure ""Nehru"" without format keyword"
15186,"p56-tbM_ol0","Sonia Gandhi Zindabad - slogans at Congress election campaign: archival footage",ambiguous,"public figure ""Gandhi"" without format keyword"
15223,"88W0SfOmeVY","Indian politicians sing National Anthem | Swearing Ceremony of BJP Government in 90's",gap-2a,"candidate place token: Anthem"
15266,"7ew3GUzHQf8","Atal Bihari Vajpayee talks about his peace efforts at an election rally",ambiguous,"public figure ""Vajpayee"" without format keyword"
15380,"FxyhZ5MOiZY","Volleyball practice at 9000 feet in upper Paro valley, Bhutan",gap-2b,"non-India term: Bhutan"
15407,"4YoZ7ZDKyYE","Private video",reject,"format: private video"
15421,"JdX7uBTWQ7U","Bhujangasana or Cobra Pose : Yoga Classes by Raja",gap-2a,"candidate place token: Yoga"
15517,"WjiCPgB2Ryc","Indian villager shares his pain of his village being charred to ashes",subject,"no proper-noun token present"
15523,"n5F9inc7hS4","Sachin Tendulkar, India's cricketing legend",ambiguous,"public figure ""Sachin Tendulkar"" without format keyword"
15590,"E2Xlm9woB5g","Kumble IX VS Azhar XI Cricket Match 18.03.1999",ambiguous,"public figure ""Azhar"" without format keyword"
15702,"m-kUjchdABs","Hindustan Ambassador or new-age Morris Oxford in use as Indian government staff car",gap-2a,"candidate place token: Morris"
15938,"fa9WbIo8cmE","Private video",reject,"format: private video"
15952,"baNtPJ0oEuE","Jain Story Bhagvan Bahubali Jivan Charitra 1-7",gap-2a,"candidate place token: Bhagvan"
15965,"GsRWrBwV_Jc","Jain Bahubali Bronze, India",gap-2a,"candidate place token: Bronze"
15975,"9sDhaxq2BBk","Mastakabhisheka - Karkala Bahubali 2015",gap-2a,"candidate place token: Karkala"
15986,"ECwJ-BeiwD8","DIGAMBER JAIN BHAGVAN PE PHOOL KESAR KYON?",subject,"no proper-noun token present"
16032,"7UR6watsfdc","India celebrates Diwali with crackers worth millions!",festival,"festival term: Diwali"
16057,"NGtOOnSiHqY","Mithai during Diwali",festival,"festival term: Diwali"
16061,"p4XgCaixW8c","Muslims gather to offer namaz |  Eid-ul-fitr in India",festival,"festival term: Eid"
16084,"dXhAraGiUMk","Religious congregation of Muslims on Eid al-Adha",festival,"festival term: Eid"
16154,"FlPHuuDQ2Pw","Baby elephants with their parents",subject,"no proper-noun token present"
16217,"FQFjTL5m36E","Colonel Hathi and his elephant herd kick up dust and march through forest cover",subject,"species/subject term: Elephant"
16251,"0SABOom1258","Open abdominal surgery",subject,"no proper-noun token present"
16285,"uhWJ8n_Q-mE","Cockpit of Concorde - Mach 2.04 turbojet-powered supersonic passenger jet",gap-2a,"candidate place token: Mach"
16413,"TxxYxwDv0bA","Eyes right command during Changing of the Guard at Rashtrapati Bhavan",ambiguous,"public figure ""Rashtrapati"" without format keyword"
16414,"6ZRs6EGuzjA","Dahlias bloom in Mughal Gardens, Rashtrapati Bhavan",ambiguous,"public figure ""Rashtrapati"" without format keyword"
16466,"HDO-U5JfU14","Farmland, fields and forests outside Moscow city : aerial footage",gap-2b,"non-India term: Moscow"
16503,"c53EXpHgBCE","Fantasy sugarcane field around Sardhana aerially - Green landscape dotted concrete structures",gap-2a,"candidate place token: Sardhana"
16602,"DSZ_egVXeuQ","Sand crabs run amok in backwaters of Talashil Beach- Crab army in hundreds trying to march straight?",gap-2a,"candidate place token: Talashil"
16634,"cbDYws0Tjkk","Three Indians on a Royal Enfield take a royal tumble!",gap-2a,"candidate place token: Enfield"
16641,"3FLu2PdJ9Yw","Mystery moths mating in the wild - Help us identify these fellas",ambiguous,"no rule fired"
16746,"nDTw1QcNSsc","Oriental Poppies in full bloom in a springtime garden",ambiguous,"no rule fired"
16887,"7SfAKfKh6gA","Opening of the moon flower - a time-lapse",subject,"no proper-noun token present"
16898,"bAHxabyB1yQ","Yellow Lilium",ambiguous,"no rule fired"
16924,"KsPbH8ATpn8","The Royal Orient - historical narrative on the luxury Indian Train (Hindi version)",gap-2a,"candidate place token: Orient"
16980,"FNBorDKoUGo","Help Ela get these Puppies adopted - Puppy Rescue Corp to find nice homes!",gap-2a,"candidate place token: Puppies"
17005,"jEM5EqcBBlI","Soft-Shelled Turtle",subject,"species/subject term: Turtle"
17165,"Da8DOHODnoU","An old Bhutia couple at Kurjey Festivals, Bhutan",gap-2b,"non-India term: Bhutan"
17242,"jDnti9xP_Zs","Construction of Scope Twin Tower by Larsen & Toubro",gap-2a,"candidate place token: Twin"
17319,"nZHqrgaOV6Y","Tribals kill bats in north-east India, for food",ambiguous,"no rule fired"
17330,"cpzwvRaNSrA","Troop of monkeys being fed berries by Homosapiens",ambiguous,"no rule fired"
17411,"jMkDkem18so","Kutaja or Wrightia tinctoria or Pala indigo plant- A medicinal plant",gap-2a,"candidate place token: Pala"
17445,"aYHeCACfWb4","Rural life in Cambodia",gap-2b,"non-India term: Cambodia"
17459,"7At80yKNJy4","Rural health care in India: Medical check-up camps organised by Indian fertilizer company",gap-2a,"candidate place token: Medical"
17537,"KJn_CLQkmx4","Nitya Urbanna Vaz Interview,Part 1 Neemrana Foundation WD62 10",reject,"format keyword: interview"
17587,"n1wpdSrD9Po","The great magician, P C Sarkar Jr. stupefies the audience with his Magic",gap-2a,"candidate place token: Magic"
17636,"ljZwDERhLAU","Cotton plant with flower and seed pods - non BT rui cultivation in India",subject,"species/subject term: Cotton"
17670,"Mi8VALmyBKc","Raid de Himalaya- Servicing the Yamaha WR 450 at end of race day",region,"region term: Himalaya"
17866,"5uSOK1Sex-U","An evening at the beach, Timor",gap-2b,"non-India term: Timor"
17873,"uA79gOwmnvI","Great-billed Heron on Timor beach",gap-2b,"non-India term: Timor"
17904,"N5N0HugMqCs","Biguin, Bali Indonesia",gap-2b,"non-India term: Indonesia"
18019,"OtV8yCOwVUU","Bengalis get started with Durga Puja festivities",festival,"festival term: Durga Puja"
18078,"eFEvJLnTXnA","What makes Ganga the sacred river of India?",region,"region term: Ganga"
18085,"IhNEtXvqF1Q","Devotees in spiritual trance on the bank of river Ganga in Gangotri",region,"region term: Ganga"
18103,"OGGG5zU5Xr4","Goral graze on steep grassy slopes along Ganga river bank, below Gangotri",region,"region term: Ganga"
18129,"be1eABeWPFs","Winter visitors to Gangotri valley at Dharali: woman pulls money from purse, priest blesses her",gap-2a,"candidate place token: Gangotri"
18279,"XUVP_AvgPmM","Plain Tiger Butterfly on Eichium flower",subject,"species/subject term: Butterfly"
18314,"hS0vqgH6L-E","Magic camouflage: Orange Oakleaf or Indian Oakleaf butterfly opens wings in wildfilmsindia Himalaya",region,"region term: Himalaya"
18318,"qTjXNc2tDJ8","Small Branded Swift with wings wide open | Short-horned grasshoppers feasting on mustard leaves",gap-2a,"candidate place token: Swift"
18351,"Ht_CbfMXqZo","Panj Kakar put up for sale during Hola Mohalla festival at Anandpur Sahib",gap-2a,"candidate place token: Hola"
18401,"K2tHRqcfhm8","""Kobe Ami Bahir Holem"" by Rezwana Choudhury Bannya's group Shurer Dhara",gap-2a,"candidate place token: Bahir"
18455,"goH9iZzkX8Y","Free food for the poor: Food distribution Langar outside largest hospital in Asia",gap-2a,"candidate place token: Langar"
18478,"OMoQbijoTe8","Eternal Eclipse part-2",ambiguous,"no rule fired"
18480,"cxRiUCGxCnY","House boat luxury on the waters of a Himalayan lake!",region,"region term: Himalayan"
18587,"NHgM27r9Pys","Sonia Gandhi at AICC - Mulayam Singh of Samajwadi Party  says Congress is Enemy No. 1",reject,"bollywood name: Singh"
18803,"uGNs7aaMIog","Crossing between seracs and crevasses in Khumbu icefall, on Everest",gap-2a,"candidate place token: Khumbu"
18892,"JynkerngtYg","Over the Himalaya in a helicopter!",region,"region term: Himalaya"
18941,"TITwlNyHkvM","Women exercise en masse for health and cancer awareness in India",ambiguous,"no rule fired"
18949,"muTOH5TkU2s","Sadhvis - women of India who abandon the material world",ambiguous,"no rule fired"
18993,"02WYdy8qkaU","Currywurst and Turkish doners in Berlin, Germany",gap-2b,"non-India term: Germany"
19154,"dStpIYBx7WU","Fitness trainers walk ramp at Personal Trainer Awards in India",reject,"format keyword: awards"
19250,"6q4dL3L6R-k","Young Upen Patel and Raman Lamba walk the ramp for Venky's fashion show",reject,"bollywood name: Upen"
19306,"403zm5raX9k","Indian fashionista Ritu Beri ties up with Siyaram, Uma Gajapathi Raju : no commercial savvy in India",reject,"bollywood name: Raju"
19307,"FqBAqHJf8Uo","Noyonika Chatterjee walks for a Ritu Beri Fashion show",reject,"bollywood name: Chatterjee"
19346,"5fDQZFTZX5Q","Diana Hayden in pink blazer and dangly earrings pose for photographs at breast cancer event",reject,"bollywood name: Hayden"
19482,"k_GtvPNNvY8","Devotees smear powdered colour and dance as they bid adieu to Goddess Durga",festival,"festival term: Goddess Durga"
19496,"S3FakG5Ev6s","Ritual of Bel Baran before the commencement of Durga Puja - Part 3",festival,"festival term: Durga Puja"
19542,"-yPKK-TpW9U","Ritualised dance worship by a Bengali couple and a Sikh boy in G.K. 2 - Durga Puja",festival,"festival term: Durga Puja"
19555,"-qWVIR30wSc","Private video",reject,"format: private video"
19582,"6JVmhR-hnsw","Female Rhinoceros Beetle struggles to turn over before regaining her balance",subject,"species/subject term: Rhinoceros"
19595,"CbJInhiQSWU","Extreme close-ups of a cicada and a damselfly",subject,"species/subject term: Cicada"
19666,"pDweKN0hRn0","Honey bees swarm around the opening of a domestic drainpipe",subject,"no proper-noun token present"
19728,"97sz_nrdz8Y","Woman selling dried insects on the streets of Bangkok",gap-2b,"non-India term: Bangkok"
19738,"3udxogop8AA","Why children call dragonflies helicopters - understand their flight",subject,"no proper-noun token present"
19757,"dsiK_RDbYj4","A Himalayan glacier isn't a pretty sight: crevasses and morainic rubble at Khumbu",region,"region term: Himalayan"
19798,"nGIplKLNbKI","Over the Himalaya : best of HD aerials",region,"region term: Himalaya"
19918,"RAp9vM7whkQ","Ear cleaning with a needle: Traditional Ear Cleaner",gap-2a,"candidate place token: Ear"
19925,"QR67pifKJ6A","Romanticism and sheer majesty of the Taj Mahal is unbelievably true",gap-2a,"candidate place token: Taj"
19994,"9QZny_WH7G8","Mowgli climbs onto his makeshift tree-house",subject,"no proper-noun token present"
20041,"srEBoorHgu8","Catholic Church during the Marian feast days | Blessed Virgin Mary",gap-2a,"candidate place token: Marian"
20075,"mN6DL82zkW0","Coffee beans - green and unripe on the bush",subject,"no proper-noun token present"
20089,"AeanNawACfY","Food for Ziona's pigs, at the world's largest family!",ambiguous,"no rule fired"
20109,"MXZBpd4Th6g","Tiger cub tumbles and plays in the grass with puppy dog",subject,"species/subject term: Tiger"
20162,"fZv1itgY6S8","Female leopard flicks her tail curling it up expressing her mood",subject,"species/subject term: Leopard"
20220,"3kK2gpejc7o","Langur monkey on a tree in Nepal",gap-2b,"non-India term: Nepal"
20233,"18VMud3xN8Y","Bonnet Macaque up close: Feeding, climbing and curious moments!",subject,"species/subject term: Macaque"
20279,"O9OKjTBq1qA","Alien species in the Western Ghats? Lantana camara bush, flower and leaves in close up",region,"region term: Western Ghats"
20334,"lRAbSjEiBH0","Contract Labourers working in an Indian village on hard manual labour",ambiguous,"no rule fired"
20336,"jHp5Uvteubc","Rare archival footage of villagers working under food for work scheme in  Aloor Village, India",gap-2a,"candidate place token: Aloor"
20385,"nLjrlotaEAA","Sensex opens mildly higher, NIFTY falls 9 points: Share market in India - archival footage",ambiguous,"no rule fired"
20472,"H0DbeoplxuM","Traffic congestion in Kathmandu city, Nepal",gap-2b,"non-India term: Nepal"
20481,"T6zcs23b49o","Moolchand flyover traffic time lapse",subject,"no proper-noun token present"
20562,"ZEM7GwQaPPU","A family in India making and selling bamboo crafts",ambiguous,"no rule fired"
20643,"hwUZ1f7V04w","Maniq  - The last hunter-gatherers in Thailand",gap-2b,"non-India term: Thailand"
20673,"2rwsrePPGeQ","Tuk tuk ride in Bangkok",gap-2b,"non-India term: Bangkok"
20700,"z30hPp6kMA4","Thai shopping spree at the Big C Supermarket in Nakhon Pathom, Thailand",gap-2b,"non-India term: Thailand"
20723,"SdYdzPMQezw","Weirdest animal you ever saw: Takin, national animal of Bhutan",gap-2b,"non-India term: Bhutan"
20726,"taU8uf50sw8","Rubi Shoes and Charles & Keith in Singapore",gap-2b,"non-India term: Singapore"
20757,"7KO_BxG1kJ0","Singapore time lapse of clouds passing ominously over buildings in silhouette",gap-2b,"non-India term: Singapore"
20830,"ieuasMeehCQ","Time lapse of Sunset",ambiguous,"no rule fired"
20833,"zW1CEjC_VK4","A picture perfect sunset!",subject,"no proper-noun token present"
20915,"CbSgTxCZwGQ","Fancy silverware for temple rituals, idols in silver at Soni Jewellers, Sarojini Nagar Market",gap-2a,"candidate place token: Jewellers"
20960,"m2w21hGOy-s","Perfect forward launch by a paraglider at Bir, Billing",reject,"format keyword: launch"
20986,"RKclg_9KWIU","Hot air balloon safari in India",ambiguous,"no rule fired"
21054,"qBYnSAajpdc","Tea session at Pethang Ringmo, Tibet",gap-2b,"non-India term: Tibet"
21079,"TBu2oSPaO1Y","Driving on the Tibetan plateau : road to Saga county, Xigazê",gap-2b,"non-India term: Tibetan"
21235,"GD5ZCdL5vq8","Shrimpy dance of Java, Indonesia",gap-2b,"non-India term: Indonesia"
21252,"AgfwtXrQHz8","Bangladeshi folk dancers perform to 'Dhonno Ami' - Part 2",gap-2b,"non-India term: Bangladeshi"
21341,"I-kdeFek2no","Cute Bhutanese girl plays with tiny new born kittens",gap-2b,"non-India term: Bhutanese"
21496,"zlxhsbgn0b8","Beta-carotene, a naturally occurring agent to prevent plants from strong solar radiation",subject,"no proper-noun token present"
21576,"PQDNBl5s-Lk","'Every 5 minutes my character will change': Maharaj Meena Kumari at Kumbh",festival,"festival term: Kumbh"
21601,"ITMyTRsdmsg","India's Kumbh mela",festival,"festival term: Kumbh"
21611,"qWDK5vtyJJQ","ICICI launches charity website in India",ambiguous,"no rule fired"
21757,"cHP5K3d67qc","Cute calf suckles at its mother's udders",subject,"no proper-noun token present"
21801,"LH2Gpt6uO5s","Hauz Khas Fort and ruins : gyro stabilized camera tour",gap-2a,"candidate place token: Khas"
21819,"HmAZSyZDuYI","Salvadora persica grows in Bharatpur",gap-2a,"candidate place token: Bharatpur"
21947,"QPBBPIqfQxo","Kapilavastu, the place where Buddha was raised and lived until age of 29",ambiguous,"public figure ""Buddha"" without format keyword"
21951,"G64yXeEb1IQ","I am really sad about killing and torturing of animals: Khamtrul Rinpoche Tashi Jong",ambiguous,"public figure ""Rinpoche"" without format keyword"
22055,"wwB6cPYlT8U","Incredible CCTV footage: 7.9 magnitude earthquake hits Nepal - April 2015",gap-2b,"non-India term: Nepal"
22260,"ShLTqWXlc0g","Om Ma Nee Pay Mae Hung by Bhutanese Royal Academy of Performing Arts",gap-2b,"non-India term: Bhutanese"
22266,"gOVukb2-HuQ","""Sundar Bote Tabo Angadkhani"" by Rezwana Choudhury Bannya's group Shurer Dhara",gap-2a,"candidate place token: Tabo"
22301,"4kqmxvunKZ8","Carmen Paris performs live in India",gap-2b,"non-India term: Paris"
22330,"Jd4E-nnF4iQ","Passenger - Let Her Go (cover) by Remkimi Cherput",gap-2a,"candidate place token: Her"
22428,"neSxaO3FscE","Cooked rice 'Pulao' being distributed as 'Prasadam' during Ganesh Visarjan",festival,"festival term: Ganesh Visarjan"
22534,"qfYIZbtKCTc","Ram Ladoo back in stock at Sarojini Nagar Market | Shoppers enjoy quick snack at fast food stall",gap-2a,"candidate place token: Sarojini"
22564,"M6-jKVsQBnw","Paneer Chilla at Sarojini Nagar Market: another of India's comfort foods made with chickpea flour",gap-2a,"candidate place token: Sarojini"
22604,"e-JKjKCmLpo","Steep paths to Woodstock school make students fit!",gap-2a,"candidate place token: Woodstock"
22878,"86AcaS_IU0g","Birthday celebration during the expedition to Mt. Everest",gap-2a,"candidate place token: Everest"
22925,"-I3XFsT6g5M","Boat Ride in Phewa lake Pokhara",gap-2b,"non-India term: Pokhara"
22962,"Ba7zQsPRt5o","Bharatpur airport in Nepal: woman officer for Yeti Air flight - manual rotation of propeller",gap-2b,"non-India term: Nepal"
22982,"dNsVM6-sP3k","Sustainable marketing  products at 'Folk Nepal' shop",gap-2b,"non-India term: Nepal"
22995,"YoSx-AeEyAQ","Kosi river in Kodari, Nepal",gap-2b,"non-India term: Nepal"
23176,"eopQuMGqQWk","Dhaulagiri South as seen from Mulde peak - Poon hill axis in Nepal",gap-2b,"non-India term: Nepal"
23185,"nQq0yKOTfkc","Tadapani in Nepal is a trinket town amidst a mystical forest at 2,700 meters",gap-2b,"non-India term: Nepal"
23219,"1zNEe94_v6U","Pokhara's lakeside at night | A true blue hippie land",gap-2b,"non-India term: Pokhara"
23301,"-oD31YkTzrs","Large Bell Flower (Campanula latifola) growing wild in the Himalaya",region,"region term: Himalaya"
23366,"UWzOVpFDe1U","Most beautiful Himalayan flower vista you ever saw: Rhododendrons as far as the eye can see!",region,"region term: Himalayan"
23548,"2w88hDO8T4U","Baby nilgai follows its mother in the forest",subject,"no proper-noun token present"
23629,"Gn1pM2s0rls","Indian worker makes paratha (plain Indian flat bread)",ambiguous,"no rule fired"
23671,"v0wn90y78hU","How to finely chop onions",subject,"no proper-noun token present"
23697,"qk787sMmPBY","The Grub Fest 2018 powered by eazydiner at JLN Stadium",festival,"festival term: Grub Fest"
23702,"_cwmCt3iLmY","Have you ever been to the Grub fest for healthy snacking?",festival,"festival term: Grub Fest"
23749,"Jb0z3s3qAvw","Mollies on a water lily leaf",subject,"species/subject term: Lily"
23874,"Xjd_b3fCISY","Barbets and other birds of the lower Himalayas",region,"region term: Himalayas"
24041,"qmfTvhTxKC4","Long beak of White-breasted Kingfisher helps it target fish and frogs alike!",subject,"species/subject term: Kingfisher"
24047,"BXuTjFciVM4","Ranganathittu Bird Sanctuary : wetland heronry of South India",gap-2a,"candidate place token: Sanctuary"
24049,"ZN3GDbuYycs","Common Myna sits on mango blossoms whil Parakeets make out",subject,"species/subject term: Myna"
24231,"4mvZ_rqe1kw","Green Bee-eater balances itself on a thorny twig",subject,"species/subject term: Bee"
24262,"c_6mWSQ0f3k","Painted Storks feeding their babies in the nest constructed in a tree",ambiguous,"no rule fired"
24375,"wKutc4JD8r4","Snow Pigeon, Brown Accentor and Himalayan Monal in snow-covered terrain | India",region,"region term: Himalayan"
24376,"7oTYgYCabyQ","Perfectly documented avian brood parasitism in Common Hawk-cuckoo and Long tailed-shrike | India",gap-2a,"candidate place token: Hawkcuckoo"
24482,"6lUPgjIYeok","Rare sight of Green Bee Eater preying on an Apis dorsata Honeybee",gap-2a,"candidate place token: Eater"
24489,"hjvBBrxwTis","Even seen a female Koel? Female Asian Koel feeding behavior in hot weather",gap-2a,"candidate place token: Asian"
24499,"xZlBWXzgGi8","Wire-tailed Swallow or Hirundo smithii, as seen up close",gap-2a,"candidate place token: Hirundo"
24514,"9yl4GbYv9uo","Jungle Babbler behaviour - Preening, mock fights, feeding and foraging",subject,"species/subject term: Babbler"
24577,"3rIDTbSP-bY","Tota keet? Rose-ringed Parakeet or Psittacula Krameri - Parrot for many Indian children's books",gap-2a,"candidate place token: Krameri"
24588,"G16tRgjMM-Y","Coppersmith Barbet nesting, peculiar feeding behavior seen up close",subject,"species/subject term: Barbet"
24656,"aFlVvypGh2Q","Rose-ringed Parakeet (Psittacula krameri) mating on Persian Lilac bakain tree in winter",gap-2a,"candidate place token: Persian"
24669,"N1aAI6FZUM0","Kotwal chiriya or Black Drongo - Dicrurus macrocercus - Noisy black bird gulps down fly on treetop",gap-2a,"candidate place token: Dicrurus"
24670,"TmQcvRsd0Ro","Red-vented Bulbul or Pycnonotus cafer chomps down palm date",gap-2a,"candidate place token: Pycnonotus"
24714,"CloiEs4H9Sg","Woody Woodpecker peers out from its nest hole",subject,"species/subject term: Woodpecker"
24774,"VDe7lIA8WqU","Crimson-breasted Barbet or Coppersmith nests in a jacaranda tree trunk, feeds chicks, pulls out poop",subject,"species/subject term: Barbet"
24942,"V0N5rvYCDOw","Slaty headed Parakeet in Himalayan forest greenery",region,"region term: Himalayan"
24943,"5UUYq1aA59Y","Common Rosefinch female and Flycatcher on freshly born spring leaves of a Himalayan tree",region,"region term: Himalayan"
24956,"43c8NEpdc3c","Young pigeon squabs rest together inside a sheltered wooden nest corner",subject,"species/subject term: Pigeon"
25047,"cVFQhxUke_I","Shaan or Shantanu Mukherjee, Indian playback singer",reject,"bollywood name: Mukherjee"
25125,"vQlvRmRhHeQ","Sridevi was in Chandni: Vinod Khanna, Rishi Kapoor, Yash Chopra & Anupam Kher on Chandni film set",reject,"bollywood name: Kapoor"
25147,"ugNLNqFh7uA","South Indian actor talks about female child at National Film Awards",reject,"format keyword: awards"
25163,"coC2uYtCL0o","Dhadkan album release: Singer Tanya Singh",reject,"bollywood name: Singh"
25212,"V5lEnDFfx9c","Priyanka Chopra, Miss World crown on head, India's National Anthem, Bareilly crowds await",reject,"bollywood name: Chopra"
25243,"4qi7tbKiRnk","Dil bhi kya cheez hai - Bollywood film Muhurat or release",reject,"format keyword: bollywood"
25271,"uGSgrKceLEY","Indian actress Rinke Khanna: Twinkle Khanna's sister",reject,"bollywood name: Khanna"
25299,"0o5mGVFEFYE","Chandrachur Singh, Indian actor speaks about film 'Daag'",reject,"bollywood name: Singh"
25322,"afEZyW3IU04","Priyanka Chopra - Bollywood actress on her movie Andaaz and why she's banned TV at home",reject,"bollywood name: Chopra"
25385,"gVVk8pTe9e0","Bhupen Hazarika, Kalpana Lajmi, Javed Akhtar, Kirron Kher at music release of 'Darmiyaan'",reject,"bollywood name: Kher"
25389,"BOnNsqneUXk","Prakash Jha, Indian film director : Gangaajal is about the relations of society and police",reject,"bollywood name: Jha"
25466,"yBtlSzF2f4w","1942 A Love Story : Bollywood Movie Premier",reject,"format keyword: bollywood"
25474,"Ue5-Rkvd-hk","Muzaffar Ali on Manisha Koirala: She is committed to films but she has to put in a lot more efforts",reject,"bollywood name: Koirala"
25628,"iqKKdw73u54","Lyricist Shyam Anuragi on writing pop songs and Bhajans simultaneously",reject,"bollywood name: Shyam"
25687,"OOGhsWKmsb8","Actor Ashutosh Rana -""I have received all the work in films by the grace of God""",reject,"bollywood name: Ashutosh"
25700,"dpYKKDZJLNU","Chote Nawab Saif Ali Khan : I have selected a suitable job for myself",reject,"bollywood name: Khan"
25732,"MjK8HTrMCLg","Kashmira Shah: I was a wife who was young with a very good body, in my role",reject,"bollywood name: Shah"
25744,"xRGOBh8ynQw","Arbaz Khan : Every actor wants to be versatile but they have some  limitations",reject,"bollywood name: Khan"
25808,"tO8ZIE45UHU","Cozy Bachchan family? Jaya, Amitabh, Abhishek and Karishma???",reject,"bollywood name: Bachchan"
25949,"wgeWlJ3vbes","Milind Soman & Meera Vasudevan talk about 'Rules: Pyaar Ka Superhit Formula'",reject,"bollywood name: Soman"
25986,"RYvVDLyaUXw","Indian actor Vinay Anand talks about his shelved film 'Blood'",reject,"bollywood name: Vinay"
26046,"N9y-Ez5igcY","Saloni Aswani feels thankful for her first break as a lead in 'Dil Pardesi Hogaya'",reject,"bollywood name: Aswani"
26134,"3F8KkNVgR3w","Aamir, Kiara, Hrithik, Karishma, Kareena, Saif, Anil | Isha Ambani's Wedding",reject,"bollywood name: Kareena"
26172,"3g2auhk3Qrc","Adi Irani on his name change and cutting off his hair : Villain of Anari No.1",reject,"bollywood name: Irani"
26205,"Szid4-B294k","Malaika Arora lands up to suprise Amrita Arora on her birthday",reject,"bollywood name: Arora"
26320,"wOzsoFoxpNY","Amrita Rao photo shoot, as she holds a glass of red wine",reject,"bollywood name: Amrita"
26366,"pvt0PR920-E","Sohail Khan, ""One should act or one should direct. You can't do both at one time""",reject,"bollywood name: Khan"
26407,"gTC7q5kCmlE","Hrithik Roshan and Rakesh Roshan launch Krrish merchandise",reject,"bollywood name: Roshan"
26409,"DGXSBdYrLv4","Arshad Warsi on humour and his character in Kabul Express",reject,"bollywood name: Warsi"
26472,"mpRMlW-L_WY","Sonu Nigam on Shah Rukh Khan grooving to his songs in films",reject,"bollywood name: Khan"
26571,"utzF3OdVSio","Arjun Rampal with then wife Mehr Jesia at a Zee Bollywood Party",reject,"bollywood name: Rampal"
26594,"jC9FoyfTqGI","Sudhir Mishra: I'd love to work with Tabu, she is wonderful",reject,"bollywood name: Tabu"
26640,"lW2BF4FUiD0","Juhi Chawla sings ""Mere dil ke tukde, mere nanhe se shehzaade"", I ran around lots of trees!",reject,"bollywood name: Chawla"
26702,"DPDTmNA1HTQ","John Abraham and Bipasha, Rakhi Sawant has issues with Isha Koppikar, Isha Deol, Nisha Kothari",reject,"bollywood name: Deol"
26804,"AEORq4bnrYA","Abhay Deol on hit debut, Suzanne Khan, Sonali Bendre, Seema Khan on fashion trends, designer wears",reject,"bollywood name: Khan"
26877,"j47rnVSMX1E","Deepal Shaw on playing a porn star in Bhatts' film Kalyug: I want to be successful not famous",reject,"bollywood name: Shaw"
26977,"uvAveRfmD78","Celina Jaitley: Saree is 'National Dress', everyone should wear it, Aishwarya looks good in a saree",reject,"bollywood name: Aishwarya"
27147,"IIwczJ9DDdA","Juhi Chawla in orange and green saree on sets of Salaam-E-Ishq | Anil Kapoor, Govinda BTS",reject,"bollywood name: Kapoor"
27243,"pFw3boaqDRE","Sheena Sippy, Ramesh Sippy's daughter at launch of 'Lights, Camera, Masala'",reject,"bollywood name: Ramesh"
27353,"-uVZjEph7fo","Tusshar Kapoor on  film career:  Lot inside me has changed since I became an actor",reject,"bollywood name: Kapoor"
27367,"amXB1pOcBQI","Nana Patekar drinks tea in interview | Sameera Reddy's smile is different, not innocent",reject,"bollywood name: Reddy"
27431,"XAfuOX_uIso","Shankar Mahadevan discusses superhit album 'Breathless': We made the song during a traffic jam",reject,"bollywood name: Mahadevan"
27570,"8j7aY-pYGX8","Gul Panag : I'm a clean, neat, tidy, punctual person, like clothes and style that flatters my body",reject,"bollywood name: Panag"
27598,"vnnqS3htclc","""Rekha is a very talented and a very fine artist,"" says Rakesh Roshan",reject,"bollywood name: Roshan"
27612,"mLVwce2D58w","Amisha Patel on new adventure with live shows, wearing a pink top, very wide dark glasses indoors",reject,"bollywood name: Amisha"
27629,"w0jbwWEhNCg","Amrita Rao talks about Hrithik Roshan: he could have done well in advertising, his mind is creative",reject,"bollywood name: Roshan"
27666,"Zk0MJBc6UrM","Raj Kaushal in memoriam: happy days with wife Mandira Bedi - actress, designer, television presenter",reject,"bollywood name: Kaushal"
27842,"Zw6uksz97lg","Daisy Irani on Shayan Munshi role and how a premiere helps a film to do business, Rakesh Mehra here",reject,"bollywood name: Irani"
27857,"7Ej4zc6lckQ","Ayesha Takia on Kya Love Story Hai: I was told that I am very glamorous and bubbly.",reject,"bollywood name: Takia"
27969,"RlpV05mTQeQ","Kangana Ranaut (younger & more raw) and Preity Zinta Iall dimply) party it up at film launch of Apne",reject,"bollywood name: Ranaut"
28016,"9eC1jvpGtCg","Malaika Arora Khan, Arbaaz Khan, Sohail Khan and Seema Sachdev Khan pose with their kids",reject,"bollywood name: Khan"
28130,"BveBGaLelDU","Tanvi azmi recites a nazm penned by her father-in-law, poet Kaifi Azmi",reject,"bollywood name: Azmi"
28275,"6I8JLYr5kZ0","Indian Navy marching contingent on Republic Day",festival,"festival term: Republic Day"
28292,"Igpl_0-OnzM","'Do Lafz Ki Hai' (cover) by Naval Symphonic Band Orchestra",gap-2a,"candidate place token: Naval"
28461,"a61L4gmLmDw","From field to plate: Bhutanese food served at traditional farmhouse homestay kitchen",gap-2b,"non-India term: Bhutanese"
28575,"RYxyRxrrnKo","Siachin glacier aerial views: Defence minister Mulayam Singh Yadav visit, 1997",reject,"bollywood name: Singh"
28645,"OgusxaqEGnA","Indian classical dance maestro Sonal Mansingh performs Bharatanatyam",reject,"bollywood name: Sonal"
28800,"D8NxfPq86NM","Muharram Rituals",festival,"festival term: Muharram"
28805,"QjG-xWGK-ro","Bruises from self whipping with sharp blades, on Muharram",festival,"festival term: Muharram"
28924,"8NxHnLYutIM","Shiraz Ahmed and Faraz Ahmed sing 'Deewana Hua Badal'",reject,"bollywood name: Ahmed"
28977,"BwxGrbb1DF0","Kailash Anuj and Piyusha Anuj recite Ramcharitmanas",gap-2a,"candidate place token: Anuj"
29009,"vfBSVtZpYf0","Tara Air plane crash at Jumla Airport : Nepalgunj to Jumla flight",gap-2b,"non-India term: Nepalgunj"
29069,"ulF9R7r4Jok","Snow Leopard and prey take deadly tumble off 400 foot cliff, big cat wins! Rarest shot EVER...",subject,"species/subject term: Leopard"
29083,"kDqU5MAQnfg","Festival of transvestites in India: mourning for widowhood at Koovagam",gap-2a,"candidate place token: Koovagam"
29112,"roEaD9bRSJM","Menfolk from Nandgaon visit Barsana to celebrate ‘Holi’ with women from Barsana",festival,"festival term: Holi"
29131,"8ygg38MO-BA","Story and meaning behind Dussehra -  victory of good over evil",festival,"festival term: Dussehra"